Date,Step,Value
2026-10-07T00:21:19Z,|prepareData,3641919.00|,|runScenario,10829.00|
2026-10-07T00:21:19Z,|verifyResult,408283.00|,
2026-10-06T00:33:14Z,|prepareData,4111054.00|,|runScenario,10862.00|
2026-10-06T00:33:14Z,|verifyResult,608230.00|,
2026-10-05T00:02:53Z,|prepareData,2702687.00|,|runScenario,10663.00|
2026-10-05T00:02:53Z,|verifyResult,317414.00|,
2026-10-04T01:08:31Z,|prepareData,3635567.00|,|runScenario,10766.00|
2026-10-04T01:08:31Z,|verifyResult,411832.00|,
2026-10-03T00:33:09Z,|prepareData,4143861.00|,|runScenario,10816.00|
2026-10-03T00:33:09Z,|verifyResult,604095.00|,
2026-10-02T00:31:48Z,|prepareData,4031787.00|,|runScenario,10875.00|
2026-10-02T00:31:48Z,|verifyResult,625334.00|,
2026-10-01T00:35:25Z,|prepareData,4207679.00|,|runScenario,10747.00|
2026-10-01T00:35:25Z,|verifyResult,649735.00|,
2026-09-30T00:19:29Z,|prepareData,3559752.00|,|runScenario,10828.00|
2026-09-30T00:19:29Z,|verifyResult,404879.00|,
2026-09-28T23:57:08Z,|prepareData,2441906.00|,|runScenario,10672.00|
2026-09-28T23:57:08Z,|verifyResult,280564.00|,
2026-09-28T00:19:53Z,|prepareData,3581685.00|,|runScenario,10880.00|
2026-09-28T00:19:53Z,|verifyResult,407382.00|,
2026-09-27T00:33:40Z,|prepareData,4129307.00|,|runScenario,10785.00|
2026-09-27T00:33:40Z,|verifyResult,634315.00|,
2026-09-26T00:34:50Z,|prepareData,4206984.00|,|runScenario,10750.00|
2026-09-26T00:34:50Z,|verifyResult,631111.00|,
2026-09-25T00:33:00Z,|prepareData,4144988.00|,|runScenario,10746.00|
2026-09-25T00:33:00Z,|verifyResult,608057.00|,
2026-09-24T00:32:39Z,|prepareData,4107022.00|,|runScenario,10974.00|
2026-09-24T00:32:39Z,|verifyResult,617434.00|,
2026-09-23T00:20:09Z,|prepareData,3593355.00|,|runScenario,10972.00|
2026-09-23T00:20:09Z,|verifyResult,407507.00|,
2026-09-22T00:20:49Z,|prepareData,3612933.00|,|runScenario,10708.00|
2026-09-22T00:20:49Z,|verifyResult,398497.00|,
2026-09-21T00:32:45Z,|prepareData,4121250.00|,|runScenario,10793.00|
2026-09-21T00:32:45Z,|verifyResult,618826.00|,
2026-09-20T00:34:17Z,|prepareData,4174374.00|,|runScenario,10764.00|
2026-09-20T00:34:17Z,|verifyResult,641277.00|,
2026-09-19T00:19:43Z,|prepareData,3570436.00|,|runScenario,10797.00|
2026-09-19T00:19:43Z,|verifyResult,412692.00|,
2026-09-18T00:32:37Z,|prepareData,4098947.00|,|runScenario,10708.00|
2026-09-18T00:32:37Z,|verifyResult,610616.00|,
2026-09-17T00:28:56Z,|prepareData,3903301.00|,|runScenario,10807.00|
2026-09-17T00:28:56Z,|verifyResult,610919.00|,
2026-09-16T00:33:09Z,|prepareData,4100370.00|,|runScenario,10697.00|
2026-09-16T00:33:09Z,|verifyResult,623538.00|,
2026-09-15T00:03:50Z,|prepareData,2797683.00|,|runScenario,10560.00|
2026-09-15T00:03:50Z,|verifyResult,311597.00|,
2026-09-14T00:32:45Z,|prepareData,4109961.00|,|runScenario,10878.00|
2026-09-14T00:32:45Z,|verifyResult,614244.00|,
2026-09-13T00:04:16Z,|prepareData,2738064.00|,|runScenario,15640.00|
2026-09-13T00:04:16Z,|verifyResult,317726.00|,
2026-09-12T00:33:06Z,|prepareData,4126718.00|,|runScenario,10750.00|
2026-09-12T00:33:06Z,|verifyResult,620574.00|,
2026-09-11T00:34:24Z,|prepareData,4179701.00|,|runScenario,10785.00|
2026-09-11T00:34:24Z,|verifyResult,627308.00|,
2026-09-10T00:35:43Z,|prepareData,4233762.00|,|runScenario,10884.00|
2026-09-10T00:35:43Z,|verifyResult,617399.00|,
2026-09-09T00:36:48Z,|prepareData,4290192.00|,|runScenario,10936.00|
2026-09-09T00:36:48Z,|verifyResult,619739.00|,
2026-09-08T00:36:14Z,|prepareData,4226744.00|,|runScenario,10927.00|
2026-09-08T00:36:14Z,|verifyResult,639559.00|,
