Date,Benchmark,Mode,Threads,Samples,Score,Score Error (99.9%),Unit
2026-09-22T23:14:10Z,pl.touk.nussknacker.engine.benchmarks.aggregate.AggregatorBenchamark.sumAggregatorAdd,avgt,1,8,0.033837,0.000042,us/op
2026-09-22T23:14:10Z,pl.touk.nussknacker.engine.benchmarks.spel.SampleSpelBenchmark.benchmark,avgt,1,8,0.055766,0.000106,us/op
2026-09-22T23:14:10Z,pl.touk.nussknacker.engine.benchmarks.suggester.ExpressionSuggesterBenchmark.chainCallBenchmark,ss,1,8,5.131220,2.045218,ms/op
2026-09-22T23:14:10Z,pl.touk.nussknacker.engine.benchmarks.suggester.ExpressionSuggesterBenchmark.complexExpressionBenchmark,ss,1,8,7.445732,1.981100,ms/op
2026-09-21T23:14:06Z,pl.touk.nussknacker.engine.benchmarks.aggregate.AggregatorBenchamark.sumAggregatorAdd,avgt,1,8,0.031883,0.000047,us/op
2026-09-21T23:14:06Z,pl.touk.nussknacker.engine.benchmarks.spel.SampleSpelBenchmark.benchmark,avgt,1,8,0.055201,0.000164,us/op
2026-09-21T23:14:06Z,pl.touk.nussknacker.engine.benchmarks.suggester.ExpressionSuggesterBenchmark.chainCallBenchmark,ss,1,8,4.377644,1.697129,ms/op
2026-09-21T23:14:06Z,pl.touk.nussknacker.engine.benchmarks.suggester.ExpressionSuggesterBenchmark.complexExpressionBenchmark,ss,1,8,6.900496,2.446404,ms/op
2026-09-20T23:11:30Z,pl.touk.nussknacker.engine.benchmarks.aggregate.AggregatorBenchamark.sumAggregatorAdd,avgt,1,8,0.020729,0.000703,us/op
2026-09-20T23:11:30Z,pl.touk.nussknacker.engine.benchmarks.spel.SampleSpelBenchmark.benchmark,avgt,1,8,0.033316,0.001120,us/op
2026-09-20T23:11:30Z,pl.touk.nussknacker.engine.benchmarks.suggester.ExpressionSuggesterBenchmark.chainCallBenchmark,ss,1,8,2.825371,1.531864,ms/op
2026-09-20T23:11:30Z,pl.touk.nussknacker.engine.benchmarks.suggester.ExpressionSuggesterBenchmark.complexExpressionBenchmark,ss,1,8,5.776516,2.894762,ms/op
2026-09-19T23:13:44Z,pl.touk.nussknacker.engine.benchmarks.aggregate.AggregatorBenchamark.sumAggregatorAdd,avgt,1,8,0.031840,0.000069,us/op
2026-09-19T23:13:44Z,pl.touk.nussknacker.engine.benchmarks.spel.SampleSpelBenchmark.benchmark,avgt,1,8,0.055804,0.000130,us/op
2026-09-19T23:13:44Z,pl.touk.nussknacker.engine.benchmarks.suggester.ExpressionSuggesterBenchmark.chainCallBenchmark,ss,1,8,4.627613,1.097876,ms/op
2026-09-19T23:13:44Z,pl.touk.nussknacker.engine.benchmarks.suggester.ExpressionSuggesterBenchmark.complexExpressionBenchmark,ss,1,8,6.631504,1.516877,ms/op
2026-09-18T23:13:58Z,pl.touk.nussknacker.engine.benchmarks.aggregate.AggregatorBenchamark.sumAggregatorAdd,avgt,1,8,0.035156,0.000160,us/op
2026-09-18T23:13:58Z,pl.touk.nussknacker.engine.benchmarks.spel.SampleSpelBenchmark.benchmark,avgt,1,8,0.057826,0.000211,us/op
2026-09-18T23:13:58Z,pl.touk.nussknacker.engine.benchmarks.suggester.ExpressionSuggesterBenchmark.chainCallBenchmark,ss,1,8,4.646844,0.888777,ms/op
2026-09-18T23:13:58Z,pl.touk.nussknacker.engine.benchmarks.suggester.ExpressionSuggesterBenchmark.complexExpressionBenchmark,ss,1,8,6.924136,1.951302,ms/op
2026-09-17T23:13:40Z,pl.touk.nussknacker.engine.benchmarks.aggregate.AggregatorBenchamark.sumAggregatorAdd,avgt,1,8,0.039354,0.000043,us/op
2026-09-17T23:13:40Z,pl.touk.nussknacker.engine.benchmarks.spel.SampleSpelBenchmark.benchmark,avgt,1,8,0.058494,0.000275,us/op
2026-09-17T23:13:40Z,pl.touk.nussknacker.engine.benchmarks.suggester.ExpressionSuggesterBenchmark.chainCallBenchmark,ss,1,8,4.306078,1.069885,ms/op
2026-09-17T23:13:40Z,pl.touk.nussknacker.engine.benchmarks.suggester.ExpressionSuggesterBenchmark.complexExpressionBenchmark,ss,1,8,7.371610,1.120989,ms/op
2026-09-16T23:13:39Z,pl.touk.nussknacker.engine.benchmarks.aggregate.AggregatorBenchamark.sumAggregatorAdd,avgt,1,8,0.034986,0.000051,us/op
2026-09-16T23:13:39Z,pl.touk.nussknacker.engine.benchmarks.spel.SampleSpelBenchmark.benchmark,avgt,1,8,0.056035,0.000042,us/op
2026-09-16T23:13:39Z,pl.touk.nussknacker.engine.benchmarks.suggester.ExpressionSuggesterBenchmark.chainCallBenchmark,ss,1,8,4.642402,0.376838,ms/op
2026-09-16T23:13:39Z,pl.touk.nussknacker.engine.benchmarks.suggester.ExpressionSuggesterBenchmark.complexExpressionBenchmark,ss,1,8,7.107292,1.529002,ms/op
2026-09-15T23:14:03Z,pl.touk.nussknacker.engine.benchmarks.aggregate.AggregatorBenchamark.sumAggregatorAdd,avgt,1,8,0.033671,0.000074,us/op
2026-09-15T23:14:03Z,pl.touk.nussknacker.engine.benchmarks.spel.SampleSpelBenchmark.benchmark,avgt,1,8,0.055460,0.000095,us/op
2026-09-15T23:14:03Z,pl.touk.nussknacker.engine.benchmarks.suggester.ExpressionSuggesterBenchmark.chainCallBenchmark,ss,1,8,4.551359,2.094445,ms/op
2026-09-15T23:14:03Z,pl.touk.nussknacker.engine.benchmarks.suggester.ExpressionSuggesterBenchmark.complexExpressionBenchmark,ss,1,8,6.642032,2.265480,ms/op
2026-09-14T23:13:59Z,pl.touk.nussknacker.engine.benchmarks.aggregate.AggregatorBenchamark.sumAggregatorAdd,avgt,1,8,0.033998,0.000120,us/op
2026-09-14T23:13:59Z,pl.touk.nussknacker.engine.benchmarks.spel.SampleSpelBenchmark.benchmark,avgt,1,8,0.053493,0.000128,us/op
2026-09-14T23:13:59Z,pl.touk.nussknacker.engine.benchmarks.suggester.ExpressionSuggesterBenchmark.chainCallBenchmark,ss,1,8,4.270685,1.281399,ms/op
2026-09-14T23:13:59Z,pl.touk.nussknacker.engine.benchmarks.suggester.ExpressionSuggesterBenchmark.complexExpressionBenchmark,ss,1,8,7.451764,1.664093,ms/op
2026-09-13T23:12:56Z,pl.touk.nussknacker.engine.benchmarks.aggregate.AggregatorBenchamark.sumAggregatorAdd,avgt,1,8,0.024773,0.000805,us/op
2026-09-13T23:12:56Z,pl.touk.nussknacker.engine.benchmarks.spel.SampleSpelBenchmark.benchmark,avgt,1,8,0.044095,0.000093,us/op
2026-09-13T23:12:56Z,pl.touk.nussknacker.engine.benchmarks.suggester.ExpressionSuggesterBenchmark.chainCallBenchmark,ss,1,8,3.271656,1.076435,ms/op
2026-09-13T23:12:56Z,pl.touk.nussknacker.engine.benchmarks.suggester.ExpressionSuggesterBenchmark.complexExpressionBenchmark,ss,1,8,5.614247,0.990396,ms/op
2026-09-12T23:13:27Z,pl.touk.nussknacker.engine.benchmarks.aggregate.AggregatorBenchamark.sumAggregatorAdd,avgt,1,8,0.039382,0.000077,us/op
2026-09-12T23:13:27Z,pl.touk.nussknacker.engine.benchmarks.spel.SampleSpelBenchmark.benchmark,avgt,1,8,0.058305,0.000098,us/op
2026-09-12T23:13:27Z,pl.touk.nussknacker.engine.benchmarks.suggester.ExpressionSuggesterBenchmark.chainCallBenchmark,ss,1,8,4.447788,1.593578,ms/op
2026-09-12T23:13:27Z,pl.touk.nussknacker.engine.benchmarks.suggester.ExpressionSuggesterBenchmark.complexExpressionBenchmark,ss,1,8,5.856550,1.383420,ms/op
2026-09-11T23:13:27Z,pl.touk.nussknacker.engine.benchmarks.aggregate.AggregatorBenchamark.sumAggregatorAdd,avgt,1,8,0.034905,0.000017,us/op
2026-09-11T23:13:27Z,pl.touk.nussknacker.engine.benchmarks.spel.SampleSpelBenchmark.benchmark,avgt,1,8,0.058542,0.000191,us/op
2026-09-11T23:13:27Z,pl.touk.nussknacker.engine.benchmarks.suggester.ExpressionSuggesterBenchmark.chainCallBenchmark,ss,1,8,3.986185,1.238909,ms/op
2026-09-11T23:13:27Z,pl.touk.nussknacker.engine.benchmarks.suggester.ExpressionSuggesterBenchmark.complexExpressionBenchmark,ss,1,8,6.003276,0.918450,ms/op
2026-09-10T23:14:01Z,pl.touk.nussknacker.engine.benchmarks.aggregate.AggregatorBenchamark.sumAggregatorAdd,avgt,1,8,0.033585,0.000197,us/op
2026-09-10T23:14:01Z,pl.touk.nussknacker.engine.benchmarks.spel.SampleSpelBenchmark.benchmark,avgt,1,8,0.054988,0.000148,us/op
2026-09-10T23:14:01Z,pl.touk.nussknacker.engine.benchmarks.suggester.ExpressionSuggesterBenchmark.chainCallBenchmark,ss,1,8,3.883659,0.945807,ms/op
2026-09-10T23:14:01Z,pl.touk.nussknacker.engine.benchmarks.suggester.ExpressionSuggesterBenchmark.complexExpressionBenchmark,ss,1,8,6.501050,1.029320,ms/op
2026-09-09T23:13:43Z,pl.touk.nussknacker.engine.benchmarks.aggregate.AggregatorBenchamark.sumAggregatorAdd,avgt,1,8,0.039345,0.000073,us/op
2026-09-09T23:13:43Z,pl.touk.nussknacker.engine.benchmarks.spel.SampleSpelBenchmark.benchmark,avgt,1,8,0.057564,0.000052,us/op
2026-09-09T23:13:43Z,pl.touk.nussknacker.engine.benchmarks.suggester.ExpressionSuggesterBenchmark.chainCallBenchmark,ss,1,8,4.380895,1.413878,ms/op
2026-09-09T23:13:43Z,pl.touk.nussknacker.engine.benchmarks.suggester.ExpressionSuggesterBenchmark.complexExpressionBenchmark,ss,1,8,6.789840,1.159874,ms/op
2026-09-08T23:13:49Z,pl.touk.nussknacker.engine.benchmarks.aggregate.AggregatorBenchamark.sumAggregatorAdd,avgt,1,8,0.040726,0.000181,us/op
2026-09-08T23:13:49Z,pl.touk.nussknacker.engine.benchmarks.spel.SampleSpelBenchmark.benchmark,avgt,1,8,0.059037,0.002311,us/op
2026-09-08T23:13:49Z,pl.touk.nussknacker.engine.benchmarks.suggester.ExpressionSuggesterBenchmark.chainCallBenchmark,ss,1,8,4.265207,2.037765,ms/op
2026-09-08T23:13:49Z,pl.touk.nussknacker.engine.benchmarks.suggester.ExpressionSuggesterBenchmark.complexExpressionBenchmark,ss,1,8,6.523367,1.257207,ms/op
2026-09-07T23:14:40Z,pl.touk.nussknacker.engine.benchmarks.aggregate.AggregatorBenchamark.sumAggregatorAdd,avgt,1,8,0.034208,0.000034,us/op
2026-09-07T23:14:40Z,pl.touk.nussknacker.engine.benchmarks.spel.SampleSpelBenchmark.benchmark,avgt,1,8,0.055774,0.000173,us/op
2026-09-07T23:14:40Z,pl.touk.nussknacker.engine.benchmarks.suggester.ExpressionSuggesterBenchmark.chainCallBenchmark,ss,1,8,4.397906,1.307437,ms/op
2026-09-07T23:14:40Z,pl.touk.nussknacker.engine.benchmarks.suggester.ExpressionSuggesterBenchmark.complexExpressionBenchmark,ss,1,8,6.274618,1.255342,ms/op
2026-09-06T23:13:28Z,pl.touk.nussknacker.engine.benchmarks.aggregate.AggregatorBenchamark.sumAggregatorAdd,avgt,1,8,0.033969,0.000044,us/op
2026-09-06T23:13:28Z,pl.touk.nussknacker.engine.benchmarks.spel.SampleSpelBenchmark.benchmark,avgt,1,8,0.055835,0.000253,us/op
2026-09-06T23:13:28Z,pl.touk.nussknacker.engine.benchmarks.suggester.ExpressionSuggesterBenchmark.chainCallBenchmark,ss,1,8,5.200759,1.459341,ms/op
2026-09-06T23:13:28Z,pl.touk.nussknacker.engine.benchmarks.suggester.ExpressionSuggesterBenchmark.complexExpressionBenchmark,ss,1,8,7.015964,2.435773,ms/op
2026-09-05T23:12:49Z,pl.touk.nussknacker.engine.benchmarks.aggregate.AggregatorBenchamark.sumAggregatorAdd,avgt,1,8,0.027484,0.000479,us/op
2026-09-05T23:12:49Z,pl.touk.nussknacker.engine.benchmarks.spel.SampleSpelBenchmark.benchmark,avgt,1,8,0.054116,0.000358,us/op
2026-09-05T23:12:49Z,pl.touk.nussknacker.engine.benchmarks.suggester.ExpressionSuggesterBenchmark.chainCallBenchmark,ss,1,8,3.741386,1.775911,ms/op
2026-09-05T23:12:49Z,pl.touk.nussknacker.engine.benchmarks.suggester.ExpressionSuggesterBenchmark.complexExpressionBenchmark,ss,1,8,6.095167,2.394693,ms/op
2026-09-04T23:13:38Z,pl.touk.nussknacker.engine.benchmarks.aggregate.AggregatorBenchamark.sumAggregatorAdd,avgt,1,8,0.037161,0.000152,us/op
2026-09-04T23:13:38Z,pl.touk.nussknacker.engine.benchmarks.spel.SampleSpelBenchmark.benchmark,avgt,1,8,0.071234,0.000253,us/op
2026-09-04T23:13:38Z,pl.touk.nussknacker.engine.benchmarks.suggester.ExpressionSuggesterBenchmark.chainCallBenchmark,ss,1,8,5.132507,2.938606,ms/op
2026-09-04T23:13:38Z,pl.touk.nussknacker.engine.benchmarks.suggester.ExpressionSuggesterBenchmark.complexExpressionBenchmark,ss,1,8,7.944347,5.033479,ms/op
2026-09-03T23:13:42Z,pl.touk.nussknacker.engine.benchmarks.aggregate.AggregatorBenchamark.sumAggregatorAdd,avgt,1,8,0.031863,0.000040,us/op
2026-09-03T23:13:42Z,pl.touk.nussknacker.engine.benchmarks.spel.SampleSpelBenchmark.benchmark,avgt,1,8,0.055564,0.000077,us/op
2026-09-03T23:13:42Z,pl.touk.nussknacker.engine.benchmarks.suggester.ExpressionSuggesterBenchmark.chainCallBenchmark,ss,1,8,4.225597,1.744732,ms/op
2026-09-03T23:13:42Z,pl.touk.nussknacker.engine.benchmarks.suggester.ExpressionSuggesterBenchmark.complexExpressionBenchmark,ss,1,8,6.625737,1.666670,ms/op
2026-09-02T23:12:41Z,pl.touk.nussknacker.engine.benchmarks.aggregate.AggregatorBenchamark.sumAggregatorAdd,avgt,1,8,0.024422,0.000013,us/op
2026-09-02T23:12:41Z,pl.touk.nussknacker.engine.benchmarks.spel.SampleSpelBenchmark.benchmark,avgt,1,8,0.047197,0.000184,us/op
2026-09-02T23:12:41Z,pl.touk.nussknacker.engine.benchmarks.suggester.ExpressionSuggesterBenchmark.chainCallBenchmark,ss,1,8,2.965599,0.369424,ms/op
2026-09-02T23:12:41Z,pl.touk.nussknacker.engine.benchmarks.suggester.ExpressionSuggesterBenchmark.complexExpressionBenchmark,ss,1,8,4.895932,1.937303,ms/op
2026-09-01T23:13:43Z,pl.touk.nussknacker.engine.benchmarks.aggregate.AggregatorBenchamark.sumAggregatorAdd,avgt,1,8,0.034264,0.000089,us/op
2026-09-01T23:13:43Z,pl.touk.nussknacker.engine.benchmarks.spel.SampleSpelBenchmark.benchmark,avgt,1,8,0.056007,0.000044,us/op
2026-09-01T23:13:43Z,pl.touk.nussknacker.engine.benchmarks.suggester.ExpressionSuggesterBenchmark.chainCallBenchmark,ss,1,8,3.762483,1.009266,ms/op
2026-09-01T23:13:43Z,pl.touk.nussknacker.engine.benchmarks.suggester.ExpressionSuggesterBenchmark.complexExpressionBenchmark,ss,1,8,6.390153,1.830706,ms/op
2026-08-31T23:12:53Z,pl.touk.nussknacker.engine.benchmarks.aggregate.AggregatorBenchamark.sumAggregatorAdd,avgt,1,8,0.028360,0.000281,us/op
2026-08-31T23:12:53Z,pl.touk.nussknacker.engine.benchmarks.spel.SampleSpelBenchmark.benchmark,avgt,1,8,0.052762,0.001594,us/op
2026-08-31T23:12:53Z,pl.touk.nussknacker.engine.benchmarks.suggester.ExpressionSuggesterBenchmark.chainCallBenchmark,ss,1,8,3.196962,1.696261,ms/op
2026-08-31T23:12:53Z,pl.touk.nussknacker.engine.benchmarks.suggester.ExpressionSuggesterBenchmark.complexExpressionBenchmark,ss,1,8,5.956853,1.314724,ms/op
2026-08-30T23:11:47Z,pl.touk.nussknacker.engine.benchmarks.aggregate.AggregatorBenchamark.sumAggregatorAdd,avgt,1,8,0.021265,0.000990,us/op
2026-08-30T23:11:47Z,pl.touk.nussknacker.engine.benchmarks.spel.SampleSpelBenchmark.benchmark,avgt,1,8,0.040266,0.002437,us/op
2026-08-30T23:11:47Z,pl.touk.nussknacker.engine.benchmarks.suggester.ExpressionSuggesterBenchmark.chainCallBenchmark,ss,1,8,2.596046,0.682675,ms/op
2026-08-30T23:11:47Z,pl.touk.nussknacker.engine.benchmarks.suggester.ExpressionSuggesterBenchmark.complexExpressionBenchmark,ss,1,8,4.422577,1.343332,ms/op
2026-08-29T23:13:14Z,pl.touk.nussknacker.engine.benchmarks.aggregate.AggregatorBenchamark.sumAggregatorAdd,avgt,1,8,0.029081,0.000195,us/op
2026-08-29T23:13:14Z,pl.touk.nussknacker.engine.benchmarks.spel.SampleSpelBenchmark.benchmark,avgt,1,8,0.047973,0.000092,us/op
2026-08-29T23:13:14Z,pl.touk.nussknacker.engine.benchmarks.suggester.ExpressionSuggesterBenchmark.chainCallBenchmark,ss,1,8,4.224975,0.812883,ms/op
2026-08-29T23:13:14Z,pl.touk.nussknacker.engine.benchmarks.suggester.ExpressionSuggesterBenchmark.complexExpressionBenchmark,ss,1,8,7.531849,2.553574,ms/op
2026-08-28T23:12:50Z,pl.touk.nussknacker.engine.benchmarks.aggregate.AggregatorBenchamark.sumAggregatorAdd,avgt,1,8,0.032205,0.000400,us/op
2026-08-28T23:12:50Z,pl.touk.nussknacker.engine.benchmarks.spel.SampleSpelBenchmark.benchmark,avgt,1,8,0.058343,0.000134,us/op
2026-08-28T23:12:50Z,pl.touk.nussknacker.engine.benchmarks.suggester.ExpressionSuggesterBenchmark.chainCallBenchmark,ss,1,8,3.874540,1.179370,ms/op
2026-08-28T23:12:50Z,pl.touk.nussknacker.engine.benchmarks.suggester.ExpressionSuggesterBenchmark.complexExpressionBenchmark,ss,1,8,6.566119,1.362774,ms/op
2026-08-28T01:48:03Z,pl.touk.nussknacker.engine.benchmarks.aggregate.AggregatorBenchamark.sumAggregatorAdd,avgt,1,8,0.035136,0.000110,us/op
2026-08-28T01:48:03Z,pl.touk.nussknacker.engine.benchmarks.spel.SampleSpelBenchmark.benchmark,avgt,1,8,0.057536,0.000105,us/op
2026-08-28T01:48:03Z,pl.touk.nussknacker.engine.benchmarks.suggester.ExpressionSuggesterBenchmark.chainCallBenchmark,ss,1,8,3.994158,1.227125,ms/op
2026-08-28T01:48:03Z,pl.touk.nussknacker.engine.benchmarks.suggester.ExpressionSuggesterBenchmark.complexExpressionBenchmark,ss,1,8,6.747187,1.407834,ms/op
2026-08-27T00:16:15Z,pl.touk.nussknacker.engine.benchmarks.aggregate.AggregatorBenchamark.sumAggregatorAdd,avgt,1,8,0.037231,0.000094,us/op
2026-08-27T00:16:15Z,pl.touk.nussknacker.engine.benchmarks.spel.SampleSpelBenchmark.benchmark,avgt,1,8,0.057603,0.000281,us/op
2026-08-27T00:16:15Z,pl.touk.nussknacker.engine.benchmarks.suggester.ExpressionSuggesterBenchmark.chainCallBenchmark,ss,1,8,3.887581,1.505768,ms/op
2026-08-27T00:16:15Z,pl.touk.nussknacker.engine.benchmarks.suggester.ExpressionSuggesterBenchmark.complexExpressionBenchmark,ss,1,8,6.616270,0.923650,ms/op
2026-08-25T23:13:18Z,pl.touk.nussknacker.engine.benchmarks.aggregate.AggregatorBenchamark.sumAggregatorAdd,avgt,1,8,0.021388,0.000864,us/op
2026-08-25T23:13:18Z,pl.touk.nussknacker.engine.benchmarks.spel.SampleSpelBenchmark.benchmark,avgt,1,8,0.040223,0.003767,us/op
2026-08-25T23:13:18Z,pl.touk.nussknacker.engine.benchmarks.suggester.ExpressionSuggesterBenchmark.chainCallBenchmark,ss,1,8,2.872525,1.177538,ms/op
2026-08-25T23:13:18Z,pl.touk.nussknacker.engine.benchmarks.suggester.ExpressionSuggesterBenchmark.complexExpressionBenchmark,ss,1,8,4.591702,1.271676,ms/op
2026-08-24T23:13:07Z,pl.touk.nussknacker.engine.benchmarks.aggregate.AggregatorBenchamark.sumAggregatorAdd,avgt,1,8,0.023357,0.000129,us/op
2026-08-24T23:13:07Z,pl.touk.nussknacker.engine.benchmarks.spel.SampleSpelBenchmark.benchmark,avgt,1,8,0.047848,0.000346,us/op
2026-08-24T23:13:07Z,pl.touk.nussknacker.engine.benchmarks.suggester.ExpressionSuggesterBenchmark.chainCallBenchmark,ss,1,8,3.094100,1.073842,ms/op
2026-08-24T23:13:07Z,pl.touk.nussknacker.engine.benchmarks.suggester.ExpressionSuggesterBenchmark.complexExpressionBenchmark,ss,1,8,5.376826,1.191227,ms/op
